{"cameraMode":{"drawMode":0,"name":"Shaded","section":"Shading Mode"},"sceneLighting":true,"audioPlay":false,"sceneViewState":{"m_AlwaysRefresh":false,"showFog":true,"showSkybox":true,"showFlares":true,"showImageEffects":true,"showParticleSystems":true,"showVisualEffectGraphs":true,"m_FxEnabled":true},"in2DMode":false,"pivot":{"x":-0.0005999505519866943,"y":0.0011500120162963868,"z":-0.0005999505519866943},"rotation":{"x":-0.04559226706624031,"y":0.7894382476806641,"z":0.059073224663734439,"w":0.6092801094055176},"size":0.8673824071884155,"orthographic":false}